model_alias,batch_size,processing_time,throughput
gpt2-124m,512,1.8680043589847628,274.09
gpt2-124m,1024,2.4639988249982707,415.58
gpt2-124m,2048,4.857294476008974,421.63
